rank,uri,artist_names,track_name,source,peak_rank,previous_rank,weeks_on_chart,streams
1,"spotify:track:7Bk0uXKk1uPT0XuQbpFzvs","Los Legendarios, Wisin, JHAYCO","Fiel","La Base Music Group/ WK Records",1,1,11,"2483396"
2,"spotify:track:2dNhNlpZAtV4lwAFW45LIv","Nio Garcia, Flow La Movie","AM","Flow La Movie, Inc.",2,5,5,"1699143"
3,"spotify:track:2p2Q23iaaPSEa1tI6TsCVX","Sech","911","Rich Music",2,2,11,"1550654"
4,"spotify:track:1xK1Gg9SxG8fy2Ya373oqb","Myke Towers, Juhn","Bandido","White World Music",1,3,19,"1402144"
5,"spotify:track:4MzXwWMhyBbmu6hOcLVD49","Bad Bunny, JHAYCO","DÁKITI","Rimas Entertainment LLC",1,4,25,"1252828"
6,"spotify:track:2FSGUA0gFgGeQdprjtGM2M","KAROL G, Mariah Angeliq","EL MAKINON","UMLE - Latino",6,12,4,"1114228"
7,"spotify:track:6qraVL4IJaIj0IuEexYJNa","Myke Towers","Explícito","White World Music",6,6,18,"1108141"
8,"spotify:track:5YYW3yRktprLRr47WK219Y","Rochy RD, Myke Towers, Nicki Nicole","Ella No Es Tuya - Remix","Sony Music Latin",4,7,11,"1055329"
9,"spotify:track:2XIc1pqjXV3Cr2BQUGNBck","Bad Bunny, ROSALÍA","LA NOCHE DE ANOCHE","Rimas Entertainment LLC",2,8,21,"1024180"
10,"spotify:track:3VvA1wSxukMLsvXoXtlwWx","Boza","Hecha Pa' Mi","Sony Music Latin",3,9,22,"973678"
11,"spotify:track:2mM3gZ0BbPwPPMelbA8vgt","Milly, Farruko, Nio Garcia, Jay Wheeler, Amenazzy","No Te Enamores - Remix","Carbon Fiber Music",8,10,22,"957263"
12,"spotify:track:079Ey5uxL04AKPQgVQwx5h","Selena Gomez, Rauw Alejandro","Baila Conmigo (with Rauw Alejandro)","Selena Gomez Latin Project",12,14,12,"903836"
13,"spotify:track:1Ymx1Q7EXkxd7FwKypAQ6o","El Futuro Fuera De Orbita, Harry Nach, La Nevula23 Productor","Juju Juju","Avatal Records LLC",6,11,11,"890430"
14,"spotify:track:4loQgPwJHocL3dFwLfjb1J","Rauw Alejandro, Anuel AA","Reloj","Sony Music Latin/Duars Entertainment",4,15,26,"831633"
15,"spotify:track:0VWLId2RwPCno9s1cJm2Vy","Nio Garcia, Casper Magico, Ozuna, Wisin & Yandel, Myke Towers, Flow La Movie","Travesuras - Remix","Flow La Movie, Inc",11,13,6,"818079"
16,"spotify:track:4iJyoBOLtHqaGxP12qzhQI","Justin Bieber, Daniel Caesar, Giveon","Peaches (feat. Daniel Caesar & Giveon)","RBMG/Def Jam",15,16,5,"776611"
17,"spotify:track:5RubKOuDoPn5Kj5TLVxSxY","Bad Bunny","TE MUDASTE","Rimas Entertainment LLC",3,19,21,"759738"
18,"spotify:track:3ymRYcYHxXMmyvCaKcJ46k","Ak4:20","Skyline","AK4:20",16,21,18,"752945"
19,"spotify:track:68mrW6gXHgupgSiDHgaDi5","Nicky Jam, Myke Towers","Polvo","Sony Music Latin",7,20,22,"740277"
20,"spotify:track:6tDDoYIxWvMLTdKpjFkc1B","Kali Uchis","telepatía","EMI / Interscope",12,17,11,"736408"
21,"spotify:track:2rCbl9naJYhaxjLsfx88uM","Sebastian Yatra, Myke Towers","Pareja Del Año","UMLE - Latino",21,-1,1,"732819"
22,"spotify:track:1mauYRwbpoGQX6itP2FAJC","Nicky Jam, Romeo Santos","Fan de Tus Fotos","Sony Music Latin",21,22,10,"726641"
23,"spotify:track:1C91EF0FrgTMat91LnsiUh","Ak4:20","Siempre Fine","AK4:20",8,18,5,"725788"
24,"spotify:track:5VzNsUnLmYcRfRfxpQsusa","Manuel Turizo, Rauw Alejandro, Myke Towers","La Nota","Sony Music Latin/La Industria",3,23,28,"699488"
25,"spotify:track:4C6BlqqMwjFzOXzqpTeoWR","Justin Quiles","Ponte Pa' Mi","WEA Latina",12,24,22,"671593"
26,"spotify:track:5y7DaS3jAc9eZzcSOoUIwU","Ozuna, J Balvin, Chencho Corleone","Una Locura","Aura Music Corp.",2,26,33,"658923"
27,"spotify:track:2bgcUk2A3jjKbCJ7KPquTi","Wisin, Myke Towers, Los Legendarios","Mi Niña","La Base Music Group/ WK Records",10,27,30,"653138"
28,"spotify:track:6Et5KimMg3IXwD6lJPGmQw","Alex Rose, Rauw Alejandro","Me Fije","WK Records",28,31,5,"629869"
29,"spotify:track:4jOBQxq4Ffd8DDrsN4wPOR","JHAYCO","Christian Dior","N&E Entertainment LLC",27,29,6,"626750"
30,"spotify:track:6RV9pRLIQiXm3qTGeyQluf","Camilo, Evaluna Montaner","Machu Picchu","Sony Music Latin",20,28,8,"619114"
31,"spotify:track:2dl5K2ScW7jYhAhuem06cm","Daddy Yankee","PROBLEMA","Republic Records",15,25,8,"613294"
32,"spotify:track:5vQy9fwVJTeLsaX9IOpCcp","KAROL G, Wisin & Yandel, Nicky Jam, Ivy Queen, Zion, Alberto Stylee","LEYENDAS","UMLE - Latino",32,33,4,"600906"
33,"spotify:track:4PEfJZpVjdclfzZ9XO8uDw","KEVIN ROLDAN, Bryant Myers, Lyanno","HASTA ABAJO","UMLE - Latino",17,32,47,"598656"
34,"spotify:track:7MAibcTli4IisCtbHKrGMh","Bruno Mars, Anderson .Paak, Silk Sonic","Leave The Door Open","Aftermath Entertainment/Atlantic",34,48,7,"577915"
35,"spotify:track:5RAIMjdrCEjpjaR5tBATXU","Maluma, Beéle, Rauw Alejandro, Mambo Kingz, DJ Luian, Darell","Aloha","Hear This Music",35,54,7,"563940"
36,"spotify:track:1Crj1zkRMpsEjb9NOR6Zof","Bizarrap, L-Gante","L-Gante: Bzrp Music Sessions, Vol.38","DALE PLAY Records",32,34,6,"563255"
37,"spotify:track:09WuqcTbf8iMRn8W4N8xBX","Manuel Turizo, Wisin & Yandel","Mala Costumbre","Sony Music Latin/La Industria",30,35,15,"547798"
38,"spotify:track:67BtfxlNbhBmCDR2L2l8qd","Lil Nas X","MONTERO (Call Me By Your Name)","Columbia",38,42,4,"529852"
39,"spotify:track:1WvrDdouh6C51In1SdATbq","KAROL G","BICHOTA","UMLE - Latino",2,30,26,"520961"
40,"spotify:track:478g4LSkyMB1PMkVOVmIaE","KAROL G, Anuel AA, J Balvin","LOCATION","UMLE - Latino",31,36,10,"506075"
41,"spotify:track:7wWqLiOmDfjGTwrz95niTD","Ak4:20","Rata Tan Tan","Next Level",31,38,29,"489404"
42,"spotify:track:0VjIjW4GlUZAMYd2vXMi3b","The Weeknd","Blinding Lights","Republic Records",13,37,69,"488736"
43,"spotify:track:15OjBeqNX3bShsGYQbteRv","Farruko","La Tóxica","Sony Music Latin",2,44,39,"457193"
44,"spotify:track:3lCbsHaN1wCxyDzcNN2x4N","Migrantes, Alico","Si Me Tomo Una Cerveza","LEB Records",16,43,22,"454560"
45,"spotify:track:33IHBjSXpamVSajAQ3wSER","Paloma Mami","Religiosa","Sony Music Latin",22,39,9,"452042"
46,"spotify:track:0EhpEsp4L0oRGM0vmeaN5e","J Balvin, Dua Lipa, Bad Bunny, Tainy","UN DIA (ONE DAY) (Feat. Tainy)","Universal Music Latino/ NEON16",4,49,39,"438835"
47,"spotify:track:3Zf4GutWZ7Hv3wsVQsSQPs","Camilo, El Alfa","BEBÉ","Sony Music Latin",19,46,21,"436823"
48,"spotify:track:7LE1K0lZyRFZjSlrnm7lfD","Jay Wheeler, Myke Towers, Rauw Alejandro, DJ Nelson, JHAYCO, Lunay, Kendo Kaponi","La Curiosidad (feat. Dj Nelson, JHAYCO, Lunay & Kendo Kaponi) - Blue Grand Prix Remix","Linked Music / Dynamic Records / EMPIRE",21,50,18,"423039"
49,"spotify:track:1UmZpd5navRsg2ukqCKJjc","Mora, Lunay","Cuando Sera","Rimas Entertainment LLC",27,52,11,"409423"
50,"spotify:track:5RmSunLqeDqNWww8LWhAiK","KHEA, Duki","WACHA","Young Flex - Khea",45,45,3,"402191"
51,"spotify:track:1yoMvmasuxZfqHEipJhRbp","Maluma","Hawái","Sony Music Latin",1,53,38,"389772"
52,"spotify:track:6exVzFtvqiO9zWqfT3Mn0M","Yeinomercy, KEISHON TRIGGA, Luxian, S4vage","Dale Corte (feat. Luxian, Keishon Trigga, & S4vage)","GGF",30,41,6,"382553"
53,"spotify:track:2tFwfmceQa1Y6nRPhYbEtC","JHAYCO, Bad Bunny","CÓMO SE SIENTE - Remix","N&E Entertainment LLC",1,55,50,"381965"
54,"spotify:track:5nujrmhLynf4yMoMtj8AQF","Dua Lipa, DaBaby","Levitating (feat. DaBaby)","Warner Records",54,58,25,"375678"
55,"spotify:track:4HYDUMY0xSpeBr0AMY9cUz","Jay Wheeler, DJ Nelson, Myke Towers","La Curiosidad","Linked Music / Dynamic Records / EMPIRE",1,57,45,"373775"
56,"spotify:track:7G1o084VGIPA5TAbUSgADQ","KEVVO, Arcángel, Becky G, Darell","Te Va Bien (feat. Darell)","Interscope Miami - Kevvo",40,56,7,"371243"
57,"spotify:track:22Sh5dlwbERqJAq1fZk5b2","Rauw Alejandro, J Balvin","De Cora <3","Sony Music Latin/Duars Entertainment",29,59,23,"359296"
58,"spotify:track:21N4Buj4xsyLb218lYle61","Sebastian Yatra, Guaynaa","Chica Ideal","UMLE - Latino",10,40,27,"358452"
59,"spotify:track:7I8L3vYCLThw2FDrE6LuzE","Rusherking, KHEA, Duki, Maria Becerra, LIT killah, Tiago PZK","Además de Mí - Remix","Fifty One",26,51,7,"353037"
60,"spotify:track:1v1oIWf2Xgh54kIWuKsDf6","AURORA","Runaway","Decca (UMO)",60,82,3,"350249"
61,"spotify:track:5ddFjrPG8NgQQ6xlOQIVd2","C. Tangana, Niño de Elche, La Húngara","Tú Me Dejaste De Querer","Sony Music Entertainment",29,61,24,"345367"
62,"spotify:track:26QApq0cuO9brJigr0C0W4","Bad Bunny","HACIENDO QUE ME AMAS","Rimas Entertainment LLC",5,60,21,"342909"
63,"spotify:track:35UUpTmrcFXNIVIN26ujXl","Sech, Daddy Yankee, J Balvin, ROSALÍA, Farruko","Relación - Remix","Rich Music",3,47,33,"340173"
64,"spotify:track:0iWxrdjwEGOrTC9AszgAJk","Jay Wheeler","Viendo el Techo","Linked Music / Dynamic Records / EMPIRE",64,86,2,"315581"
65,"spotify:track:3PfIrDoz19wz7qK7tYeu62","Dua Lipa","Don't Start Now","Warner Records",24,67,77,"314087"
66,"spotify:track:33xXoj49p8LSUqIsRPxFOO","Simon la Letra, Pablo Chill-E","Bloqueame","GGF",62,62,9,"313325"
67,"spotify:track:5QO79kh1waicV47BqGRL3g","The Weeknd","Save Your Tears","Republic Records",59,63,15,"312035"
68,"spotify:track:4RJz8NfIe09gpKMiRUWKhJ","Maluma, Lenny Tavárez, Justin Quiles","Parce (feat. Justin Quiles)","Sony Music Latin",18,66,35,"309155"
69,"spotify:track:2MaYHbpwybBOm9CrDBfChl","Manuel Turizo, Justin Quiles, Dalex","Cosas Malas","Sony Music Latin/La Industria",69,77,2,"301394"
70,"spotify:track:69vlMrzHwATKzupwNcUPyK","Bad Bunny, Daddy Yankee","La Santa","Rimas Entertainment LLC",3,73,60,"298801"
71,"spotify:track:4G3PTss3mU33Tau7t4KbwE","Rauw Alejandro, Camilo","Tattoo - Remix with Camilo","Sony Music Latin/Duars Entertainment",3,68,41,"297943"
72,"spotify:track:4nTduFjaTmGysc9WKNuCcs","Camilo","Vida de Rico","Sony Music Latin",8,69,31,"297282"
73,"spotify:track:6dyUkkcyYuDiHOwIRXYOJm","Wisin, Yandel, Farruko, Jon Z, Don Chezina, Chencho Corleone, Myke Towers","3G (feat. Jon Z, Don Chezina, Chencho Corleone & Myke Towers) - Remix","Sony Music Latin",60,72,13,"295781"
74,"spotify:track:5KFHrrBMyGj5MhVbZMM3ts","J Balvin","Tu Veneno","Sueños Globales, LLC",45,64,5,"290290"
75,"spotify:track:57Ba26w9eoXx8BBUNgRNLV","Super Yei, Sammy Baby, Jone Quest, Myke Towers, Lenny Tavárez, Rafa Pabön","La Forma en Que Me Miras","2020 Superiority | Powered by GLAD EMPIRE, LLC",34,74,141,"289847"
76,"spotify:track:6UelLqGlWMcVH1E5c4H7lY","Harry Styles","Watermelon Sugar","Columbia",51,70,49,"284718"
77,"spotify:track:5jzEwSyyymBlf1fa1o39T2","Mora, JHAYCO","512","Rimas Entertainment LLC",77,119,11,"276149"
78,"spotify:track:0fea68AdmYNygeTGI4RC18","J Balvin, Bad Bunny","LA CANCIÓN","Universal Music Latino / Rimas",5,85,95,"274268"
79,"spotify:track:3GtnId3Cm1Xa6joCj08nzW","Justin Quiles","Jeans","WEA Latina",5,71,36,"273971"
80,"spotify:track:3dEtfTtCXWW7N8WQ9FD29z","Lyanno, Rauw Alejandro, Lenny Tavárez, Maria Becerra","En Tu Cuerpo - Remix","Rimas Entertainment LLC",56,75,33,"271710"
81,"spotify:track:6fmQjRuo7XvRFCK2qex5hQ","Jerry Di","Mi Cuarto","Nacho",10,76,37,"269207"
82,"spotify:track:1beTDCe7sT7fzm8WIKXicz","KAROL G","Ay, DiOs Mío!","UMLE - Latino",3,81,41,"267786"
83,"spotify:track:0JAZWvvqttGFm4UMDsPQXC","Ozuna, Camilo","Despeinada","Aura Music Corp.",11,78,33,"267377"
84,"spotify:track:00szcRmgqJGtqrfIUYkM1h","Piso 21, Maluma","Más De La Una","WM Mexico",61,89,20,"264502"
85,"spotify:track:7lPN2DXiMsVn7XUKtOW1CS","Olivia Rodrigo","drivers license","Olivia Rodrigo PS",30,80,15,"259827"
86,"spotify:track:6bvfJf4KjonPMuPfGfy3S2","Nio Garcia, Anuel AA, Myke Towers, Brray, Juanka","La Jeepeta - Remix","Flow La Movie, Inc.",1,88,52,"258637"
87,"spotify:track:5u7twkeask1VIyDeNTElSU","Sech","Sal y Perrea","Rich Music",87,-1,1,"255877"
88,"spotify:track:4R8BJggjosTswLxtkw8V7P","JHAYCO, J Balvin, Bad Bunny","No Me Conoce - Remix","N&E Entertainment LLC",2,93,101,"255302"
89,"spotify:track:4r9jkMEnArtWGH2rL2FZl0","Bad Bunny","A Tu Merced","Rimas Entertainment LLC",10,95,60,"252030"
90,"spotify:track:11EnQRgRMJwMAesfkB5pnu","Lele Pons, Guaynaa","Se Te Nota (with Guaynaa)","Shots Studios & Music/10:22pm/Interscope Records",18,92,31,"251270"
91,"spotify:track:3FAJ6O0NOHQV8Mc5Ri6ENp","Giveon","Heartbreak Anniversary","Epic/Not So Fast",79,79,5,"250857"
92,"spotify:track:7meQTf97i7gyAzeHTLIytv","Nio Garcia, Rauw Alejandro, Lenny Tavárez, Myke Towers, Casper Magico, Darell","Mírame - Remix","Flow La Movie, Inc.",18,135,77,"250402"
93,"spotify:track:73O30uMI7n6DuzBmbtO7kC","Anuel AA, Ozuna","Antes","Real Hasta La Muerte LLC & Aura Music Corp.",8,87,13,"247311"
94,"spotify:track:2Q7KYjCv7XaLc0KRGY9m50","Jeeiph","Bonita","Universal Music Latino/UMLE",72,94,26,"247104"
95,"spotify:track:26w9NTiE9NGjW1ZvIOd1So","Bad Bunny","BOOKER T","Rimas Entertainment LLC",14,83,21,"245906"
96,"spotify:track:0MT6qJd7wKlWjH7tP7oWHi","KAROL G","EL BARCO","UMLE - Latino",64,84,4,"243883"
97,"spotify:track:35wvL50xvKpCHEJPxLOLPI","Bad Bunny","Si Estuviésemos Juntos","Rimas Entertainment LLC",14,100,122,"243463"
98,"spotify:track:5J7teKIJGtqVypgYI6sqXj","Bad Bunny, Mora","Una Vez","Rimas Entertainment LLC",17,101,60,"241633"
99,"spotify:track:0dKg2vGC1hFqcK5LGTaKzX","KAROL G, Nicki Minaj","Tusa","UMLE - Latino",1,99,76,"237172"
100,"spotify:track:2KTCXvWUbqfiinbFe7PJKP","NATTI NATASHA, Cazzu, FARIANA, La Duraca","Las Nenas (feat. La Duraca)","Sony Music Latin",100,116,6,"233969"
101,"spotify:track:3wrBFPDRyIGyGXxGSc970M","Brytiago, Jay Wheeler","Desnudarte","Duars Entertainment f/s/o Brytiago",54,97,19,"231653"
102,"spotify:track:2DEZmgHKAvm41k4J3R2E9Y","Bad Bunny, Jowell & Randy, Ñengo Flow","Safaera","Rimas Entertainment LLC",1,104,60,"231624"
103,"spotify:track:41BzKiCrKpUQHS3TP0jmdr","Maluma","Agua de Jamaica","Sony Music Latin",50,102,12,"227920"
104,"spotify:track:5bQ9rtAfOUbPmuxjPK8zDp","Rauw Alejandro","Perreo Pesau'","Sony Music Latin/Duars Entertainment",104,113,19,"227549"
105,"spotify:track:5stPVcRqb4qixbafP9e8lt","Dalex, Lenny Tavárez, Chencho Corleone, Juhn, Dímelo Flow","Hola - Remix","Rich Music",2,105,77,"225832"
106,"spotify:track:5wFI6bHnr4bwwnQGnADRHG","JC Reyes, Camin","34 Amor y Mafia","JC Reyes",106,109,4,"224862"
107,"spotify:track:0kRU83ecI57Iw1kPTeUwK5","Manuel Turizo, Maluma","Amor en Coma","Sony Music Latin/La Industria",98,98,2,"224337"
108,"spotify:track:06s3QtMJVXw1AJX3UfvZG1","Anuel AA, Bad Bunny","Hasta Que Dios Diga","2020 Real Hasta La Muerte, LLC",1,106,47,"223852"
109,"spotify:track:6NfrH0ANGmgBXyxgV2PeXt","Bad Bunny","La Difícil","Rimas Entertainment LLC",2,108,60,"223708"
110,"spotify:track:2n7ohqg1s68ToAHh4u9mcW","Bad Bunny","Vete","Rimas Entertainment LLC",2,112,74,"222217"
111,"spotify:track:5yUW86tRavTvP8OTfVChtL","Justin Quiles, Arcángel, Dalex, KEVVO","Como Si Nah (feat. KEVVO)","WEA Latina",107,107,4,"220794"
112,"spotify:track:1Hs0fpydWBjawdgCocPaC7","Lyanno, Rauw Alejandro","Poderosa","Rimas Entertainment LLC",96,96,4,"220710"
113,"spotify:track:38RIEav39FGi86jppxO0du","Bad Bunny, Sech","Ignorantes","Rimas Entertainment LLC",1,111,62,"220629"
114,"spotify:track:1J14CdDAvBTE1AJYUOwl6C","Duncan Laurence","Arcade","Universal Music, a division of Universal International Music BV",110,110,5,"215132"
115,"spotify:track:2ITfHO15LB2CFYKEhSS3dE","Denise Rosenthal, Lola Indigo","Demente","Universal Music Chile",115,-1,1,"212923"
116,"spotify:track:71R8HJxQk5qMiRstrlXN9t","Rauw Alejandro, Mr. Naisgai","2/Catorce","Sony Music Latin/Duars Entertainment",116,136,5,"212447"
117,"spotify:track:60ynsPSSKe6O3sfwRnIBRf","Doja Cat","Streets","Kemosabe Records/RCA Records",84,103,13,"211714"
118,"spotify:track:2TH65lNHgvLxCKXM3apjxI","Bad Bunny, Tainy","Callaita","Rimas Entertainment LLC",1,120,99,"208917"
119,"spotify:track:3YAnNBdk0uHyakXXzMbNJq","Camilo","Millones","Sony Music Latin",117,117,4,"207203"
120,"spotify:track:2B4nQ6yvVVBMqfgOrYtubb","Sech","Wao","Rich Music",120,-1,1,"203840"
121,"spotify:track:1JSTJqkT5qHq8MDJnJbRE1","The Police","Every Breath You Take","Polydor Records",100,118,73,"199496"
122,"spotify:track:2zY1iTaEgs8ROkkWtWLe7l","Camilo","Ropa Cara","Sony Music Latin",21,115,13,"198905"
123,"spotify:track:50MM1jSSqo8LndyiLsCO92","Drago200, Pablo Chill-E, Ak4:20","No Está Interesada","Nabru Records LLC",86,114,28,"198168"
124,"spotify:track:41wtwzCZkXwpnakmwJ239F","Bad Bunny","Si Veo a Tu Mamá","Rimas Entertainment LLC",4,122,60,"197254"
125,"spotify:track:7D93pJcwymzaZx8WgBo2zG","Rauw Alejandro","Algo Mágico","Sony Music Latin/Duars Entertainment",105,124,15,"197201"
126,"spotify:track:61KpQadow081I2AsbeLcsb","Olivia Rodrigo","deja vu","Olivia Rodrigo PS",126,139,3,"196873"
127,"spotify:track:2CdTLdDjwZdVcm0bresVWx","J Balvin, Khalid","Otra Noche Sin Ti","Sueños Globales, LLC",91,91,2,"196087"
128,"spotify:track:67jvGGbJmOmVonlyX3mNkV","Ozuna, KAROL G, Myke Towers","Caramelo - Remix","Aura Music Corp.",11,125,36,"195747"
129,"spotify:track:4saklk6nie3yiGePpBwUoc","BTS","Dynamite","BIGHIT MUSIC",36,121,35,"190220"
130,"spotify:track:27uAea0qcUz3a7jKnAT7KG","Santaferia","Algún Día Volverás","Santaferia",39,128,144,"189293"
131,"spotify:track:39LLxExYz6ewLAcYrzQQyP","Dua Lipa","Levitating","Warner Records",131,178,3,"187358"
132,"spotify:track:1nahzW3kfMuwReTka28tH5","Justin Bieber","Hold On","RBMG/Def Jam",106,130,7,"186246"
133,"spotify:track:0jT8Nl0shPS8115is0wD2Q","Camilo","Favorito","Sony Music Latin",3,129,56,"185915"
134,"spotify:track:017PF4Q3l4DBUiWoXk4OWT","Dua Lipa","Break My Heart","Warner Records",53,131,56,"185234"
135,"spotify:track:47ZS1OjnJpJVfGN9yHXfMn","Alex Rose, Rauw Alejandro, Lenny Tavárez, Cazzu, Lyanno","Toda (Remix)","Los Oídos Fresh",9,133,77,"183725"
136,"spotify:track:7gwwt1IaAWwmB7af0AcuBM","Harry Nach","Tak Tiki Tak","Sony Music Entertainment Chile S.A",7,132,66,"180978"
137,"spotify:track:0GmiGIxXDNrePrHBpijYDp","Yannc, Darkiel, Eladio Carrion, Brray, Myke Towers","Sigue Bailandome","Full Harmony",4,144,88,"179978"
138,"spotify:track:5fKIJ30rUP6hZmZ8HhRKlK","Ak4:20","Ella Se Arrebata","AK4:20",111,145,16,"177499"
139,"spotify:track:1WH3iquIQXnSPwUzlROT8R","Manuel Turizo","Quiéreme Mientras Se Pueda","Sony Music Latin/La Industria",54,123,51,"177382"
140,"spotify:track:161DnLWsx1i3u1JT05lzqU","Bruno Mars","Talking to the Moon","Atlantic Records",140,177,3,"177212"
141,"spotify:track:2Oycxb8QbPkpHTo8ZrmG0B","Miley Cyrus, Dua Lipa","Prisoner (feat. Dua Lipa)","RCA Records Label",93,126,22,"176653"
142,"spotify:track:5q2JbCNi4FcnglgPfxcV65","Anuel AA, Daddy Yankee, Zion & Lennox, Farruko, Wisin","Sola (Remix)","Spiff TV, LLC / Real Hasta La Muerte, Inc.",5,142,135,"176217"
143,"spotify:track:13Tbv4nflNxg9kYBIbJnd9","Rauw Alejandro","Dile a El","Sony Music Latin/Duars Entertainment",79,146,22,"175211"
144,"spotify:track:1rgnBhdG2JDFTbYkYRZAku","Tones And I","Dance Monkey","Elektra (NEK)",4,141,80,"175162"
145,"spotify:track:3jjujdWJ72nww5eGnfs2E7","Harry Styles","Adore You","Columbia",88,143,61,"173979"
146,"spotify:track:1vaEeP4Su6M4ItEPW51Ll5","Yung Caza","La Llevo Al Cielo","Independent",76,134,5,"173225"
147,"spotify:track:6G4U9avyBNEfP0fAIduev3","Aventura, Don Omar","Ella Y Yo - Featuring Don Omar","Premium Latin Music",138,156,91,"171364"
148,"spotify:track:5iF33sXejXwfTuidVHMll0","Carlos Vives, Ricky Martin","Canción Bonita","Sony Music Latin",148,-1,1,"171350"
149,"spotify:track:3JHpk0DOTOzyh0777JFAky","Myke Towers","Diosa","2020 One World Music & Casablanca Records | Powered by GLAD Empire, LL",9,149,65,"170192"
150,"spotify:track:0SqqAgdovOE24BzxIClpjw","Bad Bunny","Yo Perreo Sola","Rimas Entertainment LLC",2,153,60,"169761"
151,"spotify:track:3N69yeLynMzE3Dd0c7WiG1","Cami","LUNA","Universal Music Chile",65,65,2,"169571"
152,"spotify:track:56Ta1O7Jxxpjnc6cWdDKUo","Reik, Farruko, Camilo","Si Me Dices Que Sí","Sony Music México",43,150,61,"169561"
153,"spotify:track:4kdMfObhCkNZ47gsl63uXP","Myke Towers, Nengo Flow","BURBERRY","WEA Latina",138,138,2,"169286"
154,"spotify:track:615XWyY2RPfk3iuYcU6qvi","KAROL G, Camilo","CONTIGO VOY A MUERTE","UMLE - Latino",98,127,4,"168937"
155,"spotify:track:1yc7ERfIzFxPP1E0OFRvp0","CNCO","Tan Enamorados","Sony Music Latin",119,148,15,"168461"
156,"spotify:track:6K5BsR04ijf3FHNzjbaagD","Myke Towers, Farruko, Arcángel, Sech, Zion","Si Se Da - Remix","2019 Casablanca Records & One World Music | Distributed by GLAD Empire",5,158,90,"168280"
157,"spotify:track:78SeXVRJ7KCqVmOwTiFjnI","Bizarrap, NATHY PELUSO","Nathy Peluso: Bzrp Music Sessions, Vol. 36","DALE PLAY Records",33,140,21,"168139"
158,"spotify:track:4A9u8OrzFYbxdjiydkNdUi","Papu DJ, L-Gante","L-Gante: RKT SESSIONS #1","PAPU DJ",100,182,9,"167170"
159,"spotify:track:748mdHapucXQri7IAO8yFK","Doja Cat, SZA","Kiss Me More (feat. SZA)","Kemosabe Records/RCA Records",159,200,2,"166398"
160,"spotify:track:5Jm4w8jmPEBTLjI9vH4fXo","Ozuna","Caramelo","Aura Music Corp.",4,147,45,"166094"
161,"spotify:track:6fGyrAxqgdvhzcOKlMQq5s","Kiddtetoon, Diego Smith, Ozuna","Illuminati - Remix","Deep Music",8,90,24,"165949"
162,"spotify:track:0KkIkfsLEJbrcIhYsCL7L5","Anuel AA, Daddy Yankee, KAROL G, Ozuna, J Balvin","China","2020 Real Hasta La Muerte, LLC",1,161,92,"165212"
163,"spotify:track:6eTCWWKBtnJI9Ui9OlLEyO","Movimiento Original, Nanpa Básico","Verte Cerquita","Movimiento Original",136,151,21,"165051"
164,"spotify:track:5vdp5UmvTsnMEMESIF2Ym7","Queen","Another One Bites The Dust - Remastered 2011","EMI",49,155,81,"164995"
165,"spotify:track:7qEHsqek33rTcFNT9PFqLf","Lewis Capaldi","Someone You Loved","Vertigo Berlin",154,163,30,"164893"
166,"spotify:track:74j34STf8L6uADnTN69ohv","Rauw Alejandro, Chencho Corleone, KEVVO, Bryant Myers, Lyanno, Dalex","El Efecto - Remix","(SME US Latin) Duars Entertainment, Corp. (2)",11,159,71,"164622"
167,"spotify:track:5zj8WNkBrEzlI5FKeYV4ol","Sech, J Balvin","La Luz","Rich Music",29,152,25,"164060"
168,"spotify:track:6ifUES3keWjwXgae8pXI3o","Danny Ocean","Me Rehúso","Atlantic Records",1,173,211,"163246"
169,"spotify:track:3VT8hOC5vuDXBsHrR53WFh","Masked Wolf","Astronaut In The Ocean","Elektra (NEK)",156,162,4,"162903"
170,"spotify:track:50ZC4PM7hywH27RcCfViau","Rauw Alejandro, Dalex, Lenny Tavárez, Dímelo Flow","Elegí (feat. Dímelo Flow)","Sony Music Latin",3,165,56,"161494"
171,"spotify:track:5EbtodsuLbxrFDH6j5avVS","Camilo, Pablo Alborán","El Mismo Aire - con Pablo Alborán","Sony Music Latin",28,166,45,"160864"
172,"spotify:track:7sQKy5vlPQllr0k9IjYJv3","Arcángel, Sech, Dímelo Flow","Sigues Con El","Rimas Entertainment LLC.",2,167,71,"160725"
173,"spotify:track:1diS6nkxMQc3wwC4G1j0bh","Dua Lipa","We're Good","Warner Records",126,175,10,"158826"
174,"spotify:track:0S9ZVNTNRzLMgb96tmmG1u","Rauw Alejandro","Enchule","Sony Music Latin/Duars Entertainment",28,154,31,"158810"
175,"spotify:track:7MoZgM6AsQaZw14WnKopuy","Ovy On The Drums, Danny Ocean, KAROL G","Miedito o Qué? (feat. KAROL G)","WEA Latina",82,160,19,"158484"
176,"spotify:track:6vPAmoERUMRoTZaCCSWQ12","Luis Miguel","Hasta Que Me Olvides","WEA Latina",176,-1,1,"158188"
177,"spotify:track:2QjOHCTQ1Jl3zawyYOpxh6","The Neighbourhood","Sweater Weather","Columbia",160,171,14,"157954"
178,"spotify:track:2vBET2pmrQqafaS6zIaYta","Black Eyed Peas, Shakira","GIRL LIKE ME","Epic",68,137,19,"157470"
179,"spotify:track:3cUE3p7E39CzGjQoEsg7sM","Santaferia","EL Gil De Tu Ex","Huracán Producciones",28,174,194,"157109"
180,"spotify:track:09HSL5vRZgxXmoSrDVKMDB","Lunay","Sin Ropa","round2media - LaFamilia",120,169,8,"156976"
181,"spotify:track:6f3Slt0GbA2bPZlz0aIFXN","Tiësto","The Business","Atlantic Records",162,168,9,"155942"
182,"spotify:track:45S5WTQEGOB1VHr1Q4FuPl","Harry Styles","Golden","Columbia",111,164,25,"155559"
183,"spotify:track:35mvY5S1H3J2QZyna3TFe0","Ariana Grande","positions","Republic Records",64,170,26,"155548"
184,"spotify:track:3jbT1Y5MoPwEIpZndDDwVq","Tainy, Anuel AA, Ozuna","Adicto (with Anuel AA & Ozuna)","NEON16/Interscope Records",1,179,87,"155142"
185,"spotify:track:69Ej1xrGjOcHvIMtMKxK0G","Don Omar","Dile","UMLE - Machete",152,184,32,"154495"
186,"spotify:track:5cpJFiNwYyWwFLH0V6B3N8","Ozuna, Doja Cat, Sia","Del Mar","Aura Music Corp.",83,172,33,"153893"
187,"spotify:track:5LlqSCrhvYm97QwfhmY7tc","Mora","Desaparecer","Rimas Entertainment LLC",181,181,3,"153837"
188,"spotify:track:7g3ezLhEW38T80iydvEyQz","Sech, Arcángel","Te Acuerdas","Rich Music",141,-1,3,"152391"
189,"spotify:track:2etJ67Egf7woMgOikVrlJM","Flow La Movie, Nio Garcia, Casper Magico","Travesuras","Flow La Movie, Inc.",27,157,24,"151066"
190,"spotify:track:6F9yAYUaNbUhdlQyt5uZ3b","Luis Miguel","La Incondicional","WEA Latina",114,-1,16,"150868"
191,"spotify:track:4u7EnebtmKWzUH433cf5Qv","Queen","Bohemian Rhapsody - Remastered 2011","EMI",28,185,134,"150129"
192,"spotify:track:4KXtFUFmPObTROXShFLHZX","Dayme y El High, Myke Towers, Dylan Fuentes","Ajena (with Myke Towers, Dylan Fuentes)","Planet Records [Powered by Planet Distribution]",186,186,2,"150042"
193,"spotify:track:2lCkncy6bIB0LTMT7kvrD1","J Balvin","Azul","UMLE - Latino",26,180,57,"148050"
194,"spotify:track:6aommJFM8i3iT4inKuDSXh","Jósean Log","Chachachá","Jósean Log",177,183,4,"148029"
195,"spotify:track:3pm4XtcsRIFFtH2UErk62R","Yandel, Bad Bunny","CANCIÓN CON YANDEL","Rimas Entertainment LLC",6,190,50,"146604"
196,"spotify:track:1mrQYY0NATPCe7WOYcCKf1","Yan Block, Jay Wheeler, DJ Nelson","Vete Pal Carajo","Linked Music / EMPIRE",42,176,16,"144084"
197,"spotify:track:243jb092tx4s5UZntX2xhC","Sech, Nicky Jam, Rauw Alejandro","Playa","Rich Music",197,-1,1,"143910"
198,"spotify:track:2fwycfb0beKkeRQ9JH8dmU","Kiddtetoon, Polimá Westcoast, Julianno Sosa","Phantom","Deep Music",130,187,10,"143480"
199,"spotify:track:19OXtYzrJyCrQvTbfukt4H","Maluma, Myke Towers","Madrid (feat. Myke Towers)","Sony Music Latin",17,189,35,"142460"
200,"spotify:track:1bRpSCFv6P2OUhciByeRYR","Alex Rose, Rafa Pabön","Jangueo","Los Oidos Fresh/ Los Proximos",16,192,74,"141758"
